ACL,Access Control List fundamentals|Permission types and inheritance|File system ACL implementation|Network ACL configuration|Active Directory ACL management|ACL troubleshooting techniques|Performance considerations|Security best practices
APT,Advanced Persistent Threat characteristics|Attack lifecycle and techniques|Attribution and threat intelligence|Detection and response strategies|Case study analysis|Defensive measures|Incident response procedures|Prevention strategies
AUTHENTICATION,Authentication factors and methods|Multi-factor authentication|Single sign-on implementation|Identity providers and federation|Authentication protocols|Token-based authentication|Biometric authentication|Risk-based authentication
Antimalware,Malware detection techniques|Signature-based vs heuristic analysis|Real-time protection mechanisms|Cloud-based threat intelligence|Performance optimization|False positive management|Enterprise deployment|Integration strategies
Antivirus,Virus detection algorithms|Scanning methodologies|Update and signature management|Quarantine procedures|Performance impact mitigation|Enterprise management|Endpoint integration|Threat response automation
Certificates,Digital certificate fundamentals|Certificate Authority hierarchy|Certificate lifecycle management|Public Key Infrastructure|Certificate validation processes|Revocation mechanisms|Certificate deployment|Troubleshooting procedures
Containment,Incident containment strategies|Network isolation techniques|System quarantine procedures|Damage limitation methods|Evidence preservation|Communication protocols|Resource allocation|Recovery planning
DATA PIPELINES,Pipeline architecture design|Data ingestion strategies|Transformation and processing|Quality assurance and validation|Monitoring and alerting|Error handling and recovery|Scalability considerations|Performance optimization
DJANGO,Django framework architecture|Model-View-Template pattern|ORM and database integration|URL routing and views|Template system and inheritance|Admin interface customization|Authentication and authorization|REST API development
DLP,Data Loss Prevention strategies|Content inspection techniques|Policy development and enforcement|Endpoint protection|Network monitoring|Cloud security integration|Incident response|Compliance reporting
EAP vs PEAP,Extensible Authentication Protocol|Protected EAP implementation|Authentication methods comparison|Wireless security integration|Certificate management|Configuration procedures|Troubleshooting techniques|Security considerations
EDR,Endpoint Detection and Response|Behavioral analysis techniques|Threat hunting capabilities|Incident response automation|Forensic data collection|Advanced threat detection|Integration with SIEM|Performance optimization
ELASTICSEARCH,Search and analytics engine|Index management and mapping|Query DSL and search operations|Cluster architecture and scaling|Data ingestion and pipelines|Monitoring and performance tuning|Security configuration|Kibana visualization
Eradication,Threat removal procedures|System cleaning and sanitization|Malware elimination techniques|Vulnerability remediation|Configuration hardening|Validation and verification|Documentation procedures|Prevention measures
Firewall & Nextgen Firewall,Traditional firewall functions|Next-generation firewall features|Application awareness and control|Intrusion prevention integration|Deep packet inspection|User identity integration|Threat intelligence feeds|Performance optimization
HIPS,Host-based Intrusion Prevention|Behavioral monitoring techniques|Policy configuration and tuning|Integration with endpoint security|Performance impact management|False positive reduction|Incident response integration|Compliance reporting
Host Based Firewall,Local firewall configuration|Rule management and policies|Application control|Network traffic filtering|Integration with security tools|Performance considerations|Troubleshooting techniques|Best practices
Identification,Threat identification techniques|Indicator analysis and correlation|Asset discovery and classification|Vulnerability identification|Risk assessment procedures|Intelligence gathering|Documentation standards|Validation processes
Kerberos,Authentication protocol fundamentals|Ticket-granting mechanisms|Key Distribution Center|Cross-realm authentication|Security considerations|Implementation best practices|Troubleshooting procedures|Integration strategies
Known vs Unknown,Threat classification methods|Signature-based detection|Zero-day threat analysis|Behavioral analysis techniques|Threat intelligence integration|Risk assessment procedures|Response strategies|Detection improvement
LDAP,Directory service fundamentals|Schema design and management|Authentication and authorization|Query operations and filters|Replication and high availability|Security configuration|Performance optimization|Integration patterns
LINUX,Operating system fundamentals|Command line proficiency|System administration|Package management|File system and permissions|Network configuration|Security hardening|Troubleshooting techniques
Lessons Learned,Post-incident analysis|Documentation procedures|Process improvement identification|Knowledge sharing mechanisms|Training development|Policy updates|Stakeholder communication|Continuous improvement
Local Auth,Local authentication methods|User account management|Password policies and enforcement|Privilege management|Security hardening|Audit and monitoring|Integration considerations|Best practices
MACHINE LEARNING,Algorithm fundamentals|Supervised and unsupervised learning|Model training and validation|Feature engineering|Performance evaluation|Deployment strategies|Ethical considerations|Continuous learning
MICROSERVICES,Architecture patterns and principles|Service decomposition strategies|Inter-service communication|Data management patterns|Deployment and orchestration|Monitoring and observability|Security considerations|Performance optimization
MYSQL,Database administration|Query optimization|Index management|Replication configuration|Backup and recovery|Performance tuning|Security hardening|Troubleshooting techniques
NIDS,Network Intrusion Detection|Traffic analysis techniques|Signature and anomaly detection|Sensor deployment strategies|Alert management and tuning|Performance optimization|Integration with SIEM|Incident response
NIPS,Network Intrusion Prevention|Inline deployment strategies|Attack blocking mechanisms|Performance considerations|Policy management|False positive reduction|High availability|Integration patterns
OAUTH,Authorization framework|Grant types and flows|Token management|Security considerations|Implementation best practices|API protection|Integration patterns|Troubleshooting procedures
POSITIONING,Strategic positioning concepts|Market analysis techniques|Competitive advantage|Brand differentiation|Value proposition development|Customer segmentation|Communication strategies|Performance measurement
POWER BI,Data visualization and analytics|Report development|Dashboard creation|Data modeling techniques|DAX formula usage|Service administration|Security and sharing|Performance optimization
Preparation,Incident response preparation|Plan development and testing|Team training and readiness|Tool and resource provisioning|Communication procedures|Documentation standards|Regular updates|Stakeholder engagement
RADIUS,Remote authentication service|Network access control|Policy enforcement|Integration strategies|Security considerations|Performance optimization|Troubleshooting techniques|High availability
REDIS,In-memory data structure store|Caching strategies|Data persistence options|Clustering and high availability|Performance optimization|Security configuration|Monitoring and troubleshooting|Integration patterns
Recovery,Disaster recovery planning|Backup and restoration|Business continuity|System recovery procedures|Data recovery techniques|Testing and validation|Communication protocols|Continuous improvement
SSO,Single Sign-On implementation|Identity provider integration|Federation protocols|Security considerations|User experience optimization|Administration and management|Troubleshooting procedures|Performance considerations
Sandboxing,Isolated execution environments|Malware analysis techniques|Application security testing|Performance impact assessment|Evasion detection|Integration strategies|Automation procedures|Result analysis
Security Skills and Knowledge,Cybersecurity fundamentals|Threat landscape awareness|Risk assessment methodologies|Security framework knowledge|Incident response capabilities|Compliance requirements|Continuous learning|Professional development
TABLEAU,Data visualization platform|Dashboard development|Data connection and modeling|Calculated fields and parameters|Interactive features|Performance optimization|Administration and security|Advanced analytics
Understand Basics of Forensics,Digital evidence principles|Chain of custody procedures|Forensic methodologies|Tool utilization|Legal considerations|Report writing|Expert testimony|Continuous education
Understand Common Exploit Frameworks,Framework architecture|Payload development|Target exploitation|Post-exploitation techniques|Evasion methods|Defensive considerations|Legal and ethical usage|Tool integration
Understand Common Hacking Tools,Tool categories and purposes|Reconnaissance tools|Exploitation frameworks|Post-exploitation utilities|Defensive applications|Legal considerations|Tool detection|Mitigation strategies
Understand Concept of Defense in Depth,Layered security approach|Security control categories|Risk mitigation strategies|Implementation planning|Integration considerations|Effectiveness measurement|Continuous improvement|Cost-benefit analysis
Understand Concept of Runbooks,Procedure documentation|Incident response playbooks|Operational procedures|Automation integration|Version control|Training materials|Regular updates|Effectiveness measurement
VirusTotal,File and URL analysis|Threat intelligence aggregation|API integration|Report interpretation|Automation workflows|Threat hunting applications|False positive management|Enterprise features
WPA vs WPA2 vs WPA3 vs WEP,Wireless security protocol evolution|Encryption method comparison|Authentication mechanisms|Vulnerability analysis|Implementation considerations|Performance impact|Migration strategies|Best practices
WPS,Wi-Fi Protected Setup|Security vulnerabilities|Attack vectors|Disable procedures|Alternative setup methods|Security implications|Troubleshooting|Best practices
Zero Day,Unknown vulnerability exploitation|Discovery and disclosure|Attack techniques|Detection challenges|Mitigation strategies|Threat intelligence|Response procedures|Prevention measures