DJANGO,Django project structure|Model-View-Template architecture|Django ORM and database integration|URL routing and view functions|Template system and inheritance|Django admin interface|Authentication and authorization|Forms and validation|Static files and media handling|Django REST framework
FASTAPI,FastAPI application structure|Automatic API documentation|Type hints and validation|Dependency injection system|Authentication and security|Async programming support|Database integration|Testing strategies|Deployment and performance|API versioning
FLASK,Flask application structure|Routing and view functions|Jinja2 templating|Request and response handling|Session management|Blueprint organization|Database integration with SQLAlchemy|Error handling|Testing and debugging|Deployment strategies
MLOPS,Machine learning lifecycle management|Model versioning and tracking|Continuous integration for ML|Model deployment strategies|Monitoring and observability|Data pipeline automation|Feature store management|Model governance|A/B testing for models|Infrastructure automation
PYTORCH,Tensor operations and autograd|Neural network construction|Dataset and DataLoader usage|Training loop implementation|Model saving and loading|GPU acceleration|Distributed training|Custom layers and functions|Model optimization|Debugging techniques
REACT NATIVE,Cross-platform mobile development|Component architecture|Navigation implementation|State management|Native module integration|Performance optimization|Debugging and testing|App store deployment|Platform-specific code|Animation and gestures
MATHEMATICS,Linear algebra fundamentals|Calculus concepts|Statistics and probability|Discrete mathematics|Mathematical modeling|Optimization techniques|Graph theory|Number theory|Logic and proofs|Applied mathematics
ANDROID,Android app architecture|Activity and Fragment lifecycle|UI design with XML and Compose|Data storage options|Networking and APIs|Background processing|Permissions and security|Testing strategies|App publishing|Performance optimization
ERROR HANDLING,Exception handling patterns|Error logging strategies|Graceful degradation|User error messaging|Error recovery mechanisms|Debugging techniques|Error monitoring tools|Testing error scenarios|Documentation practices|Best practices
JAVA,Object-oriented programming|Java syntax and fundamentals|Collections framework|Multithreading and concurrency|Exception handling|I/O operations|Generics and annotations|Design patterns|Testing with JUnit|Build tools and IDEs
UNIT TESTING,Testing fundamentals|Test-driven development|Test case design|Mocking and stubbing|Test automation|Code coverage analysis|Integration testing|Performance testing|Testing frameworks|Continuous testing
OBJECTIVE-C,Language syntax and basics|Object-oriented concepts|Memory management|Foundation framework|Cocoa Touch integration|Interface Builder usage|Debugging techniques|Performance optimization|Legacy code maintenance|Migration strategies
COMPUTER VISION,Image processing fundamentals|Feature detection and extraction|Object recognition|Deep learning for vision|OpenCV library usage|Image classification|Object tracking|Face recognition|Medical imaging|Real-time processing
XCODE,IDE navigation and features|Project organization|Interface Builder usage|Debugging tools|Performance profiling|Version control integration|Simulator usage|App Store submission|Build configurations|Testing frameworks
RUST,Memory safety concepts|Ownership and borrowing|Error handling|Pattern matching|Concurrency primitives|Cargo package manager|Testing strategies|Performance optimization|Unsafe Rust|WebAssembly integration
SYSTEM DESIGN,Scalability patterns|Load balancing strategies|Database design choices|Caching mechanisms|Microservices architecture|API design principles|Reliability and fault tolerance|Performance optimization|Security considerations|Monitoring and observability
TELEMETRY,Data collection strategies|Metrics and logging|Distributed tracing|Performance monitoring|Error tracking|Business intelligence|Privacy considerations|Data retention policies|Visualization techniques|Alert configuration
CLOUD COMPUTING,Service models and deployment|Cost optimization strategies|Security best practices|Multi-cloud strategies|Migration planning|Disaster recovery|Compliance requirements|Performance monitoring|Resource management|Vendor evaluation
DATA MANAGEMENT,Data governance frameworks|Data quality assurance|Master data management|Data lifecycle management|Privacy and compliance|Data integration strategies|Metadata management|Data security|Backup and recovery|Performance optimization
OPERATORS,Kubernetes operator patterns|Custom resource definitions|Controller implementation|Lifecycle management|Reconciliation loops|Testing strategies|Deployment patterns|Monitoring and observability|Security considerations|Best practices
MIGRATIONS,Database schema changes|Data migration strategies|Version control for databases|Rollback procedures|Zero-downtime deployments|Testing migrations|Performance considerations|Automation tools|Documentation practices|Risk mitigation
COMBINE,Reactive programming concepts|Publisher and Subscriber|Operators and transformations|Error handling|Backpressure management|Testing strategies|Performance optimization|Integration patterns|Debugging techniques|Best practices
AZURE DEVOPS,Project management setup|Source control integration|Build pipeline configuration|Release management|Testing integration|Artifact management|Security scanning|Reporting and analytics|Integration capabilities|Automation strategies
EDITORS,Text editor features|Code syntax highlighting|Plugin and extension systems|Customization options|Keyboard shortcuts|Version control integration|Debugging integration|Performance optimization|Collaboration features|Productivity tools
INFRASTRUCTURE AS CODE,IaC principles and benefits|Terraform fundamentals|CloudFormation usage|Ansible automation|Version control integration|Testing strategies|Security scanning|Cost optimization|Documentation practices|Team collaboration
PENETRATION TESTING,Testing methodologies|Reconnaissance techniques|Vulnerability assessment|Exploitation strategies|Post-exploitation activities|Reporting procedures|Legal and ethical considerations|Tool utilization|Risk assessment|Remediation guidance
CONTAINERIZATION,Container fundamentals|Image creation and management|Registry operations|Networking configurations|Storage solutions|Security hardening|Orchestration basics|Monitoring strategies|Performance optimization|Best practices
JAVASCRIPT,Language fundamentals|DOM manipulation|Async programming|ES6+ features|Error handling|Testing strategies|Performance optimization|Security considerations|Module systems|Debugging techniques
AI,Artificial intelligence concepts|Machine learning fundamentals|Deep learning basics|Natural language processing|Computer vision applications|AI ethics and bias|Model deployment|Performance optimization|Evaluation metrics|Continuous learning
REACT,Component architecture|State management|Props and context|Event handling|Lifecycle methods|Hooks usage|Performance optimization|Testing strategies|Build and deployment|Best practices
PYTHON,Language fundamentals|Data structures|Object-oriented programming|Functional programming|Error handling|File I/O operations|Libraries and frameworks|Testing strategies|Performance optimization|Package management
TYPESCRIPT,Type system fundamentals|Interface definitions|Generic programming|Decorator usage|Module systems|Compilation process|Debugging techniques|Integration strategies|Performance considerations|Best practices
SQL,Database query fundamentals|Join operations|Subqueries and CTEs|Indexing strategies|Performance optimization|Transaction management|Security considerations|Stored procedures|Data modeling|Query analysis
COMMUNICATION SKILLS,Verbal communication|Written communication|Active listening|Presentation skills|Conflict resolution|Cross-cultural communication|Digital communication|Feedback techniques|Meeting facilitation|Stakeholder engagement
DEBUGGING,Debugging methodologies|Tool utilization|Error analysis|Performance profiling|Memory analysis|Network debugging|Security debugging|Testing integration|Documentation practices|Problem-solving strategies
WEBPACK,Module bundling concepts|Configuration setup|Loader and plugin system|Code splitting strategies|Development server|Production optimization|Asset management|Source maps|Hot module replacement|Performance optimization
C++,Language fundamentals|Object-oriented programming|Memory management|Template programming|Standard Template Library|Concurrency and parallelism|Performance optimization|Debugging techniques|Build systems|Best practices
ACCESSIBILITY,Web accessibility standards|ARIA implementation|Screen reader compatibility|Keyboard navigation|Color and contrast|Testing methodologies|Legal compliance|User experience|Development practices|Continuous improvement
ANGULAR,Component architecture|Dependency injection|Reactive forms|Routing implementation|HTTP client usage|State management|Testing strategies|Performance optimization|Build and deployment|Best practices
OBSERVABILITY,Monitoring strategies|Logging practices|Distributed tracing|Metrics collection|Alerting systems|Dashboard creation|Performance analysis|Troubleshooting techniques|Tool integration|Continuous improvement
GRAPHQL,Schema design|Query language|Resolver implementation|Performance optimization|Caching strategies|Error handling|Testing approaches|Security considerations|Federation patterns|Tool ecosystem
RELATIONAL DATABASES,Database design principles|Normalization techniques|Query optimization|Index management|Transaction handling|Backup and recovery|Performance tuning|Security configuration|Replication setup|Monitoring strategies
AZURE,Service overview|Identity management|Virtual machines|Storage solutions|Networking configuration|Security features|Cost management|Monitoring tools|Automation capabilities|Best practices
REST API,API design principles|HTTP methods and status codes|Resource modeling|Authentication strategies|Error handling|Documentation practices|Versioning strategies|Testing approaches|Performance optimization|Security considerations
DATADOG,Monitoring setup|Dashboard creation|Alert configuration|Log management|APM integration|Infrastructure monitoring|Custom metrics|Integration capabilities|Cost optimization|Best practices
D3.JS,Data visualization concepts|Selection and manipulation|Scales and axes|Layouts and generators|Animation techniques|Interaction handling|Performance optimization|Testing strategies|Integration patterns|Best practices
NODE.JS,Runtime fundamentals|Module system|Asynchronous programming|Express framework|Database integration|Error handling|Testing strategies|Performance optimization|Security considerations|Deployment practices
POSTGRESQL,Database administration|Query optimization|Index management|Replication setup|Backup strategies|Performance tuning|Security configuration|Extension usage|Monitoring techniques|Troubleshooting
VITE,Build tool fundamentals|Development server|Plugin system|Asset handling|Production optimization|TypeScript integration|Framework support|Performance features|Configuration options|Migration strategies
NEXT.JS,React framework features|Server-side rendering|Static site generation|API routes|File-based routing|Image optimization|Performance optimization|Deployment strategies|Testing approaches|Best practices
TERRAFORM,Infrastructure as code|Provider configuration|Resource management|State management|Module development|Testing strategies|Security scanning|Team collaboration|Performance optimization|Best practices
SWIFT,Language fundamentals|Object-oriented programming|Protocol-oriented programming|Memory management|Concurrency features|Error handling|Testing strategies|Performance optimization|Interoperability|Best practices
VERSION CONTROL,Git fundamentals|Branching strategies|Merge and rebase|Conflict resolution|Remote repositories|Collaborative workflows|Release management|Security considerations|Tool integration|Best practices
CYPRESS,End-to-end testing|Test automation|Browser interaction|API testing|Visual testing|Debugging techniques|CI/CD integration|Performance considerations|Test organization|Best practices
OPERATING SYSTEMS,OS fundamentals|Process management|Memory management|File systems|I/O operations|Security features|Performance optimization|System administration|Troubleshooting techniques|Virtualization
ESLINT,Code linting setup|Rule configuration|Custom rule development|Integration strategies|Performance optimization|Error handling|Team collaboration|Continuous integration|Plugin ecosystem|Best practices
LINTING,Code quality standards|Static analysis|Rule configuration|Tool integration|Automation strategies|Performance considerations|Team adoption|Continuous improvement|Error handling|Best practices
SERVICE DESIGN,Design thinking principles|User journey mapping|Service blueprinting|Stakeholder analysis|Prototyping techniques|Testing methodologies|Implementation strategies|Continuous improvement|Measurement techniques|Team collaboration
PROJECT MANAGEMENT TOOLS,Tool selection criteria|Setup and configuration|Workflow design|Team collaboration|Progress tracking|Reporting capabilities|Integration strategies|Performance optimization|User training|Best practices
A/B TESTING,Experimental design|Hypothesis formation|Statistical significance|Sample size calculation|Test implementation|Data analysis|Decision making|Continuous testing|Tool selection|Best practices
METASPLOIT,Framework architecture|Module development|Exploit execution|Payload generation|Post-exploitation|Evasion techniques|Report generation|Integration strategies|Legal considerations|Defensive applications
BURP SUITE,Web application testing|Proxy configuration|Scanner usage|Intruder attacks|Repeater functionality|Extension development|Professional features|Automation strategies|Reporting capabilities|Integration techniques
OWASP,Security framework|Top 10 vulnerabilities|Testing methodologies|Security standards|Tool recommendations|Community resources|Training materials|Compliance guidance|Risk assessment|Best practices
.NET,Framework architecture|C# programming|ASP.NET development|Entity Framework|Dependency injection|Testing strategies|Performance optimization|Security considerations|Deployment practices|Best practices
THE FUNDAMENTALS,Core concept understanding|Foundation building|Basic principle application|Skill development|Knowledge integration|Practice methodologies|Assessment techniques|Continuous learning|Problem-solving|Critical thinking
PREFERENCES,User preference management|Configuration systems|Personalization features|Settings persistence|Default handling|Migration strategies|Performance considerations|Security aspects|User experience|Testing approaches
DEEP LEARNING,Neural network architectures|Training methodologies|Optimization techniques|Regularization strategies|Transfer learning|Model evaluation|Hardware acceleration|Framework usage|Deployment strategies|Research applications
TENSORFLOW,Framework fundamentals|Model building|Training procedures|Deployment strategies|Performance optimization|TensorBoard usage|Distributed training|Custom operations|Testing approaches|Production considerations
AIRFLOW,Workflow orchestration|DAG development|Task management|Scheduling strategies|Monitoring capabilities|Error handling|Scaling techniques|Integration patterns|Security considerations|Best practices
FINE-TUNING,Model adaptation|Transfer learning|Parameter optimization|Data preparation|Training strategies|Evaluation metrics|Performance monitoring|Resource management|Deployment considerations|Continuous improvement
NLP,Natural language processing|Text preprocessing|Tokenization techniques|Language models|Sentiment analysis|Named entity recognition|Machine translation|Information extraction|Evaluation metrics|Application development
LOOKER,Data platform setup|Model development|Dashboard creation|Visualization techniques|User management|Performance optimization|Integration capabilities|Security configuration|Collaboration features|Best practices
NOTIFICATIONS,Notification systems|Delivery mechanisms|User preferences|Content personalization|Performance optimization|Privacy considerations|Testing strategies|Analytics integration|Cross-platform support|Best practices
PANDAS,Data manipulation|DataFrame operations|Data cleaning|Statistical analysis|Visualization integration|Performance optimization|Memory management|File I/O operations|Testing strategies|Best practices
TRANSFORMERS,Architecture fundamentals|Attention mechanisms|Model training|Fine-tuning techniques|Inference optimization|Framework integration|Deployment strategies|Performance monitoring|Research applications|Best practices
NUMPY,Array operations|Mathematical functions|Broadcasting concepts|Performance optimization|Memory management|Integration patterns|Vectorization techniques|Linear algebra|Random number generation|Best practices
SCIKIT-LEARN,Machine learning algorithms|Model selection|Data preprocessing|Feature engineering|Cross-validation|Performance metrics|Pipeline construction|Model persistence|Integration strategies|Best practices
HUGGINGFACE,Model hub usage|Transformer implementations|Dataset management|Training workflows|Fine-tuning procedures|Deployment strategies|Performance optimization|Community contributions|Integration patterns|Best practices
INTENT,Intent recognition|Classification techniques|Training data preparation|Model development|Evaluation metrics|Integration strategies|Performance optimization|Error handling|Continuous improvement|User experience
FLUTTER,Cross-platform development|Widget architecture|State management|Navigation implementation|Platform integration|Performance optimization|Testing strategies|Deployment procedures|Plugin development|Best practices
CORE SERVICES,Service architecture|API design|Data management|Security implementation|Performance optimization|Monitoring strategies|Scalability planning|Integration patterns|Testing approaches|Documentation practices
CIRCLECI,CI/CD pipeline setup|Workflow configuration|Build optimization|Testing integration|Deployment automation|Monitoring capabilities|Security features|Performance optimization|Team collaboration|Best practices
KANBAN,Workflow visualization|Work-in-progress limits|Continuous flow|Metrics and analytics|Team collaboration|Process improvement|Tool integration|Performance monitoring|Stakeholder communication|Best practices
CREDENTIALS,Credential management|Security practices|Storage solutions|Rotation strategies|Access controls|Audit procedures|Integration patterns|Performance considerations|Compliance requirements|Best practices
HELM,Kubernetes package management|Chart development|Release management|Template functionality|Value configuration|Repository management|Security considerations|Testing strategies|Best practices|Troubleshooting